source,target
1,777
1,431
1,1220
1,934
13,1
260,1
330,1
1067,1
1162,1
769,1
83,2
47,3
310,4
708,5
955,6
466,7
300,8
10,602
11,574
11,941
847,11
541,11
957,11
719,12
840,13
599,14
16,1262
16,671
21,16
570,16
188,16
302,16
310,16
132,17
18,205
18,777
18,211
18,457
18,172
18,156
18,1214
18,885
18,309
1246,18
1279,20
21,671
570,21
347,21
901,22
23,172
23,118
23,631
23,260
23,1045
23,397
671,24
92,25
1182,26
27,755
27,633
27,156
27,205
710,27
1252,27
188,27
1214,27
401,28
30,321
30,69
31,141
31,338
465,31
297,31
32,34
663,33
34,602
34,996
750,34
236,34
180,34
35,1228
35,777
449,35
309,35
143,35
36,100
36,123
513,37
217,38
39,1093
39,207
39,420
39,826
39,895
39,172
39,1220
839,39
713,39
286,40
217,41
915,42
43,150
1274,43
51,43
355,44
482,45
594,46
47,447
47,3
47,220
152,47
48,399
48,734
48,420
48,450
48,234
48,578
48,1117
48,286
48,868
1252,48
264,48
898,48
168,48
541,48
461,48
67,48
49,266
49,338
49,180
49,1001
532,49
180,49
817,50
51,532
51,150
51,366
204,51
47,51
52,634
52,266
389,53
55,978
55,1210
55,981
383,55
918,56
57,187
57,777
377,57
58,272
58,49
491,59
369,60
61,710
61,448
61,777
61,158
61,205
141,61
272,61
602,61
1182,61
62,1
62,1174
62,1021
62,532
62,286
62,310
62,77
62,1175
63,1236
751,63
1084,63
68,63
1177,64
65,134
65,118
777,66
67,1157
67,898
67,405
67,168
67,579
67,1279
67,420
67,1100
67,541
67,234
67,48
67,286
67,251
467,67
68,63
68,156
632,68
945,69
226,70
503,71
73,620
83,73
74,1203
74,777
74,409
74,172
75,904
75,118
76,222
76,272
76,1174
76,576
76,358
1022,76
577,76
300,76
77,912
77,857
77,221
77,1203
647,77
294,77
944,77
856,77
642,79
1095,80
576,81
82,1
82,1174
82,536
146,82
450,82
840,82
396,82
83,503
83,2
83,1153
83,888
501,84
188,84
840,84
205,85
473,86
87,777
569,87
89,272
89,777
89,1282
89,1243
1,89
90,158
90,777
90,1121
710,90
203,90
91,1203
91,76
91,845
91,158
1201,91
92,188
92,1140
92,910
92,494
92,310
92,506
92,1252
92,39
92,1102
92,858
92,703
92,1022
92,570
92,420
92,1036
92,154
92,741
92,446
92,450
92,25
898,92
858,92
713,92
67,92
957,92
93,532
796,94
505,95
96,718
96,777
96,129
96,409
96,449
96,864
96,900
96,172
96,650
96,1055
96,309
635,96
1124,96
277,96
494,96
168,96
1095,96
602,96
1093,96
420,96
1246,96
11,96
989,96
450,96
286,96
847,97
750,98
36,100
101,272
101,576
101,1282
340,101
102,1203
482,102
636,103
482,104
1216,105
350,106
1246,107
915,108
1055,109
110,1203
110,158
110,227
227,110
112,419
632,113
243,114
17,115
349,115
297,115
116,672
117,988
117,717
117,841
631,117
65,118
119,1143
119,272
119,689
288,119
1225,119
644,119
205,120
121,1243
121,703
122,145
36,123
124,777
124,1156
124,1220
124,158
1220,124
1203,124
1163,125
243,126
127,351
127,1054
127,626
650,127
881,128
129,777
129,341
129,172
129,1055
770,129
1,129
420,129
900,129
450,129
901,129
286,129
1243,129
309,129
210,130
131,1252
131,168
131,1012
131,420
131,1234
131,664
131,450
131,480
131,461
131,807
131,286
131,310
131,880
132,1
132,272
132,96
132,989
132,17
132,1124
703,132
21,132
563,132
901,133
65,134
135,780
135,1054
135,1265
351,135
650,135
217,136
137,884
137,615
137,1187
137,786
137,345
138,888
138,739
138,205
262,138
1236,138
156,138
310,139
172,140
635,141
1246,142
454,143
144,272
144,188
144,102
144,482
144,1243
635,145
494,145
146,1
146,272
146,908
146,286
366,146
147,158
147,777
166,147
1191,147
674,147
840,148
938,149
150,223
150,1093
150,275
150,183
150,141
150,602
150,1055
266,150
168,150
806,150
1099,150
51,150
639,151
482,152
153,272
153,350
153,1111
153,896
153,527
153,420
153,194
529,153
301,153
898,153
810,153
1254,153
475,153
92,153
207,153
77,153
92,154
1210,155
156,768
156,1266
156,777
156,1172
156,1239
156,172
156,309
156,674
156,855
156,888
156,373
156,205
157,272
157,602
297,157
146,157
396,157
286,157
158,777
158,409
158,1253
158,1152
158,324
755,158
90,158
888,158
302,158
167,158
1,158
674,158
1236,158
159,1197
719,160
161,1136
161,551
163,1286
163,272
163,188
163,331
163,156
163,205
589,164
482,165
888,166
167,777
167,474
167,674
167,374
710,167
1174,167
168,325
168,1203
168,1081
168,944
131,168
839,168
1229,168
901,168
1120,169
477,171
172,66
172,359
172,140
777,172
393,172
1160,173
881,174
175,49
175,340
175,180
175,141
1111,178
524,179
180,118
180,192
173,180
841,180
379,180
631,180
931,180
1241,180
717,180
23,180
75,180
785,180
809,180
1179,180
532,180
1160,180
181,1203
181,521
181,691
919,182
183,411
183,359
183,1265
150,183
286,183
777,183
1200,184
824,185
186,141
186,61
1270,186
956,186
1152,187
188,661
188,13
188,411
188,974
188,777
188,409
188,772
188,1203
188,502
373,189
190,293
190,1093
190,457
190,96
190,989
190,18
190,832
190,410
190,309
190,602
190,1214
190,860
190,335
190,156
806,190
884,190
272,190
838,190
1246,190
275,190
918,192
193,650
145,193
194,272
1200,194
153,194
420,196
466,198
1078,199
503,200
1084,201
202,987
272,202
562,202
203,90
204,806
205,676
205,387
205,849
205,539
205,85
205,172
205,754
205,120
205,432
205,715
205,864
205,900
205,950
205,309
205,290
205,777
205,466
205,158
205,718
205,375
205,502
621,206
207,1043
207,781
207,1198
207,473
207,298
207,647
207,1052
1052,207
208,262
1203,208
1220,208
264,209
210,272
210,1192
210,350
210,971
210,429
210,420
210,450
210,130
210,230
210,286
18,211
212,597
355,215
216,1203
217,287
217,476
217,41
217,136
217,1075
217,665
217,38
217,609
609,217
785,217
1179,217
313,218
219,301
219,350
219,1246
219,420
219,532
219,286
219,156
219,205
47,220
77,221
222,272
76,222
1001,222
150,223
536,224
226,70
226,549
226,1175
227,1203
227,406
227,734
227,658
227,1268
658,227
229,563
229,420
229,1174
1252,229
168,229
847,229
901,229
1256,229
230,600
230,318
429,230
482,230
711,230
989,232
1216,233
48,234
350,235
236,641
236,34
237,272
237,455
237,1155
237,861
237,302
237,840
237,616
776,238
241,381
241,420
241,1211
241,807
241,77
241,1186
1170,242
243,1203
243,733
243,253
243,319
243,126
243,1026
243,114
833,244
663,245
734,246
247,1203
247,252
247,531
248,717
248,75
248,180
248,1001
1087,249
67,251
247,252
736,253
254,188
254,420
254,286
254,957
957,254
1022,255
262,256
703,257
1159,259
23,260
261,1203
261,777
482,261
262,990
262,1266
262,451
262,256
262,739
262,156
218,262
945,262
952,262
989,262
943,262
180,262
264,361
264,209
265,205
265,777
265,1161
265,885
265,1019
265,395
265,743
265,172
265,156
265,309
1019,265
266,806
266,602
266,150
52,266
418,266
1041,266
49,266
180,266
47,266
1099,266
703,267
268,1087
268,168
268,112
268,532
268,1088
268,1056
268,1175
886,268
881,269
270,945
270,979
270,989
270,141
270,613
270,1047
270,748
270,309
190,270
39,270
472,270
391,270
838,270
602,270
529,271
272,777
272,129
272,759
272,192
118,272
1203,272
482,273
274,478
274,850
274,669
275,724
820,275
1203,275
1026,275
1230,275
276,894
276,681
276,336
276,371
371,276
277,524
277,777
277,1237
277,915
277,645
277,96
277,688
277,309
945,277
141,277
635,277
956,277
494,277
278,230
624,278
1022,278
429,278
188,278
1095,279
286,280
796,281
282,989
282,860
282,512
282,945
283,1005
283,49
283,409
283,180
283,644
1242,283
10,283
1053,284
285,23
285,112
285,549
286,411
286,136
286,403
286,853
286,172
286,40
286,1014
286,414
286,869
286,421
286,939
286,280
286,1227
286,298
286,206
286,777
286,659
286,409
286,253
286,1220
286,1055
286,516
286,1162
286,1067
286,1203
286,459
286,801
286,700
941,286
1052,286
260,286
769,286
217,287
288,1069
205,290
847,291
292,717
292,599
548,292
834,292
1175,292
190,293
1229,294
833,295
1104,296
297,157
297,455
297,1165
297,806
297,1088
297,602
297,1101
297,115
340,297
180,297
1225,297
302,297
1022,297
947,297
785,297
660,297
957,297
1234,298
1232,299
300,1282
300,76
300,272
300,8
1022,300
207,300
188,300
301,1203
301,647
302,1
302,272
302,547
302,297
302,1126
302,158
302,671
302,1275
1271,302
504,302
310,302
632,302
898,302
340,302
491,302
347,302
68,302
901,302
77,302
303,1203
527,303
304,303
1180,303
1186,303
304,1163
304,272
304,1174
304,1282
304,685
304,1036
304,303
304,494
1163,304
788,304
527,304
824,304
1186,304
305,805
1064,305
306,18
306,172
306,635
306,709
306,494
306,307
306,602
306,1214
306,1243
306,205
306,272
306,777
306,284
306,420
306,457
306,96
306,989
306,450
306,1086
306,286
306,156
1208,306
846,306
306,307
308,1
309,1228
309,172
309,777
310,133
310,435
310,1048
310,409
310,158
310,4
310,1203
310,962
310,139
22,310
1200,311
811,312
313,218
1183,315
978,316
1090,317
318,589
318,1125
318,272
318,1174
350,318
1111,318
996,318
230,318
1001,318
621,318
243,319
410,320
30,321
322,591
323,955
323,1258
323,49
323,532
323,1187
323,1088
323,668
560,323
384,323
402,324
168,325
389,327
797,328
541,329
1234,330
331,272
331,156
163,331
675,332
333,947
333,180
333,644
550,333
1242,333
335,777
335,945
335,141
190,335
602,335
150,335
275,335
338,335
276,336
1053,337
338,602
338,156
338,378
338,309
1262,338
750,338
297,338
1,338
1199,338
550,338
340,272
340,777
340,947
340,547
340,297
340,141
340,1225
340,302
340,602
310,340
180,340
389,340
326,340
901,340
129,341
532,342
344,831
344,27
344,1135
137,345
601,346
347,1022
347,350
347,188
347,1170
347,1158
347,302
347,227
347,124
347,711
837,347
570,347
504,347
348,158
348,800
348,777
349,1170
349,340
349,1088
349,115
350,1203
350,106
350,777
350,136
350,235
350,172
350,921
350,897
350,1027
350,1220
1052,350
351,1054
351,409
351,626
449,351
650,351
1078,352
635,353
703,354
355,44
355,777
355,646
355,1194
355,215
355,888
1239,355
356,750
548,356
882,357
358,1282
358,272
1063,358
76,358
1022,358
576,358
303,358
359,411
359,523
183,359
806,359
172,359
360,420
264,361
504,362
391,365
366,230
367,172
367,635
367,449
367,777
367,1093
367,427
1220,367
1203,367
1040,368
369,666
369,1030
369,60
369,532
369,878
369,634
369,1001
728,369
214,369
670,370
276,371
372,245
372,755
372,158
373,189
373,777
373,740
373,1239
373,855
373,888
1172,373
167,374
205,375
1208,376
377,187
377,57
783,377
566,377
378,141
378,613
1,378
272,378
1100,378
806,378
602,378
338,378
717,379
23,379
380,686
380,1197
380,159
380,172
976,380
241,381
838,382
383,978
383,758
383,1210
383,981
1,383
987,383
384,272
384,188
384,323
384,1159
955,384
776,385
548,386
205,387
1197,388
389,297
389,53
389,340
389,302
389,205
389,327
389,777
389,1022
389,1047
389,994
389,482
389,156
482,389
391,1093
391,365
391,969
391,141
391,635
391,602
391,494
1141,391
420,391
450,391
180,391
956,391
286,391
503,392
393,172
1055,393
394,275
394,542
394,1104
736,394
1060,394
527,394
420,394
993,394
546,394
657,394
536,394
265,395
396,1203
396,942
396,996
396,997
396,1220
711,396
23,397
399,1203
399,777
399,1223
807,399
310,399
294,399
1019,400
401,1280
401,635
401,494
401,28
420,401
450,401
286,401
402,777
402,761
402,324
755,402
286,403
1185,404
67,405
227,406
407,1072
407,1088
1088,407
408,1046
408,1240
408,1109
780,408
502,408
761,408
409,502
409,705
409,408
411,409
359,409
777,409
1152,409
1203,409
410,320
410,860
410,1128
411,409
777,411
172,411
684,411
1152,411
359,411
413,1089
413,1
413,938
413,777
413,524
413,350
413,272
413,1192
413,1120
413,158
413,640
413,205
399,413
845,413
658,413
286,414
415,1203
416,83
1084,416
719,417
418,266
418,272
418,487
418,1041
418,141
418,806
418,1009
418,437
418,1037
418,675
1099,418
112,419
420,896
420,1104
420,635
420,617
420,494
420,522
420,472
420,1243
420,536
420,1029
420,394
420,534
420,122
420,1060
420,1036
420,1055
420,196
420,859
420,275
286,421
639,422
503,424
1234,425
884,426
367,427
1053,428
429,272
429,547
429,230
326,429
482,429
430,192
430,1196
430,888
930,430
1,431
205,432
433,708
433,777
650,433
952,434
1236,434
885,434
310,435
436,750
436,834
436,1178
1106,437
467,438
1095,439
440,1250
440,1007
440,1118
440,841
847,441
262,442
482,443
639,444
445,717
445,272
445,385
445,1022
445,188
445,634
285,445
1160,445
690,445
957,445
92,446
47,447
448,777
755,449
262,451
956,452
482,453
454,449
454,1049
454,387
454,1078
454,748
454,143
615,454
868,454
39,454
602,454
1203,454
1182,454
297,455
570,456
190,457
286,459
461,399
461,272
461,420
461,596
461,450
461,468
461,469
461,48
461,181
461,868
1092,461
847,461
480,461
807,461
467,461
462,524
462,420
462,940
462,300
207,462
504,462
529,462
863,464
465,150
806,465
466,198
466,1197
466,777
466,159
466,7
466,1055
466,370
96,466
976,466
1243,466
205,466
467,1025
467,1052
467,1276
467,814
467,438
467,1203
814,467
438,467
461,468
461,469
811,470
777,471
472,1093
420,472
473,86
473,611
473,1220
473,820
473,1067
611,473
1052,473
647,473
769,473
167,474
475,188
475,420
475,1022
475,153
217,476
477,1203
477,171
274,478
806,479
480,1252
480,188
480,450
480,504
480,461
480,310
131,480
777,481
482,907
482,129
482,453
482,443
482,1110
482,152
482,891
482,856
482,1235
482,189
482,1066
482,581
482,1203
482,962
482,492
482,143
482,673
482,1049
482,1171
482,982
482,373
482,309
482,1132
482,777
482,45
482,273
482,627
482,172
482,888
482,165
482,1093
482,104
482,1220
482,1231
482,923
891,482
294,482
734,483
1246,484
485,1225
485,660
485,717
486,1174
576,486
418,487
488,383
488,547
488,989
488,1210
488,1243
1,488
272,488
350,488
562,488
933,488
202,488
1082,488
503,489
490,205
490,156
1199,490
491,59
491,614
491,906
491,720
491,302
491,286
491,1003
482,492
493,272
493,631
493,23
493,532
493,180
493,635
493,602
807,494
1125,495
1172,497
498,494
639,498
1183,499
1068,500
501,974
501,538
501,1210
502,515
761,502
1265,502
503,1277
503,489
503,200
503,726
503,392
503,424
503,71
83,503
504,1271
504,302
504,362
504,373
505,903
505,95
505,122
505,777
505,129
505,900
505,773
505,959
505,707
1,505
441,505
311,505
551,505
286,505
92,506
1210,507
989,508
509,807
509,420
509,1186
510,1203
282,512
513,37
513,150
502,515
286,516
517,1055
517,808
948,517
518,1022
518,703
518,605
518,302
518,1209
518,737
518,1278
399,518
112,518
553,519
181,521
420,522
359,523
524,166
524,179
524,187
524,1051
1114,525
526,955
526,1252
526,168
526,420
526,664
526,310
527,727
527,1141
527,394
527,1281
527,420
527,297
527,450
527,302
527,838
527,1036
527,1124
527,286
207,527
615,527
1186,527
663,528
529,1203
529,509
529,271
529,207
529,420
529,1234
529,665
529,1138
529,784
529,1287
529,680
529,1000
529,77
529,807
467,529
840,530
247,531
532,208
532,1020
532,297
532,1192
532,49
532,927
532,180
532,1187
532,342
532,1001
532,205
532,1
532,571
532,350
532,809
532,60
634,532
268,532
631,532
586,532
49,532
180,532
717,532
75,532
878,532
560,532
809,532
1061,532
112,532
1160,532
728,532
660,533
420,534
536,1203
536,1055
536,253
536,1220
536,224
1067,536
588,537
501,538
205,539
601,540
541,329
168,541
67,541
542,1203
542,635
1287,542
690,543
544,532
544,878
544,156
1179,544
690,544
1082,545
546,394
546,736
546,993
1186,546
548,272
548,1077
548,386
548,141
548,806
548,292
548,356
548,638
549,717
549,379
549,631
549,1114
549,180
1160,549
785,549
70,549
957,549
550,1199
550,338
550,682
550,723
550,205
551,976
624,551
1279,552
553,1088
553,519
553,985
911,553
554,1203
554,298
554,306
1252,555
556,592
310,556
777,557
806,558
1274,560
272,562
563,704
563,737
797,563
229,563
807,563
901,564
565,1
565,590
565,450
565,286
708,566
860,567
1166,568
569,87
145,569
570,1203
570,456
1252,570
344,570
92,570
532,571
955,574
575,205
575,875
575,777
575,1049
575,1026
575,172
575,587
575,884
575,156
884,575
615,575
576,913
576,1282
576,81
576,486
576,358
576,1105
76,576
1022,576
1170,576
297,576
180,576
597,576
592,576
1001,576
679,577
48,578
579,703
579,896
579,188
579,420
579,409
579,310
579,541
579,872
579,286
579,494
898,579
67,579
529,579
77,579
1053,580
482,581
761,582
583,532
583,602
584,599
584,1189
584,445
584,77
1199,584
1251,586
575,587
588,1179
588,537
588,806
588,47
588,275
588,1008
589,272
589,977
589,879
589,164
1255,589
1282,589
1105,589
565,590
322,591
592,704
592,996
592,576
1022,592
556,592
971,592
1085,592
634,593
594,272
594,662
594,208
594,1270
594,1243
594,46
1125,594
1111,594
844,594
286,594
595,420
595,450
595,580
595,635
595,302
595,602
595,286
595,494
405,595
461,596
597,272
597,378
597,576
597,547
597,989
1047,598
599,14
292,599
600,272
286,600
230,600
1177,600
601,272
601,23
601,972
601,540
601,1122
601,532
601,802
601,93
601,346
601,237
301,601
112,601
602,309
635,602
821,603
663,604
518,605
1124,606
1210,607
217,609
1224,610
473,611
806,612
613,989
613,156
575,613
1093,613
378,613
21,613
847,613
1036,613
884,613
602,613
1246,613
491,614
615,190
615,272
615,777
615,350
615,945
615,1174
615,482
615,884
615,1117
615,454
615,494
357,615
467,615
1252,615
39,615
955,615
482,615
207,615
882,615
237,616
223,617
619,1170
619,297
750,619
445,619
73,620
621,206
971,621
952,622
673,623
624,1
624,272
624,1022
624,1111
624,971
624,806
624,302
624,838
624,551
624,230
624,844
624,286
216,624
351,626
482,627
628,141
628,945
1185,630
493,631
632,777
632,924
632,302
632,113
632,926
632,68
570,632
27,633
634,989
634,1022
634,532
634,593
369,634
445,634
1160,634
635,129
635,145
635,277
635,353
635,547
635,900
635,141
635,355
635,1210
635,1190
635,309
635,777
635,1055
635,925
494,635
1100,635
420,635
150,635
391,635
603,635
1141,635
263,635
542,635
1182,635
286,635
636,103
389,636
637,1238
637,208
637,188
637,297
637,310
637,1068
637,78
637,753
637,777
637,570
637,420
637,838
637,690
637,532
637,594
637,1284
1188,637
548,638
639,1
639,151
639,444
639,547
639,422
639,841
639,602
639,1243
639,1127
413,640
236,641
642,79
642,1239
63,642
976,643
644,272
644,180
644,1069
644,1243
340,644
277,645
646,777
646,789
1172,646
83,646
1239,646
482,646
888,646
373,646
1234,647
648,978
648,1210
383,648
650,867
650,351
650,1054
650,816
1203,650
1022,650
96,650
286,650
602,650
888,651
1200,653
898,654
732,655
656,272
656,1022
656,896
656,188
656,420
656,450
656,1159
656,286
955,656
657,478
657,744
227,658
286,659
660,1170
660,297
660,533
931,660
485,660
188,661
594,662
663,245
663,777
663,33
663,528
663,166
663,604
663,851
664,1203
217,665
666,532
666,156
219,666
369,666
711,667
323,668
274,669
670,380
670,449
670,265
670,370
1,670
286,670
671,141
671,1039
671,24
228,671
1262,671
455,671
21,671
344,671
302,671
1209,671
116,672
673,1034
673,623
739,674
675,1058
675,777
675,332
675,47
205,676
987,677
529,680
276,681
1199,682
684,411
777,684
183,684
1206,684
976,684
304,685
380,686
752,687
277,688
119,689
690,1203
690,118
896,691
761,692
1279,693
1179,694
884,695
716,697
698,888
698,791
698,156
286,700
725,701
702,736
702,896
702,420
702,1243
703,354
703,1120
703,972
703,840
703,257
703,737
703,267
797,703
168,703
92,703
1229,703
901,703
807,703
121,703
310,703
704,547
704,272
1022,704
563,704
996,704
592,704
634,704
1001,704
409,705
505,707
708,777
708,783
708,87
708,1054
708,172
708,5
708,566
449,708
433,708
309,708
797,709
710,755
710,777
710,1172
710,90
710,1236
710,27
710,158
710,187
710,633
710,156
457,710
895,710
18,710
731,710
711,272
711,394
711,350
711,1111
711,667
711,450
711,1095
711,194
711,286
347,711
102,711
504,711
712,989
712,145
275,712
868,712
713,803
713,1263
714,272
714,1022
205,715
716,697
717,1010
717,118
205,718
719,417
719,160
719,696
719,12
719,855
491,720
901,721
1199,723
275,724
725,272
725,736
725,1174
725,896
725,420
725,701
1287,725
503,726
527,727
728,369
728,532
728,1001
884,729
1200,730
731,1239
1,731
547,731
1243,731
732,141
732,765
732,655
1209,732
243,733
734,246
734,136
734,298
734,963
734,158
734,483
564,734
736,1203
736,253
736,1264
703,737
1232,738
739,674
262,739
984,740
92,741
898,742
265,743
657,744
847,745
746,1266
746,1239
995,746
915,746
945,746
1222,747
454,748
1234,749
750,34
750,445
750,98
750,385
750,338
834,750
356,750
436,750
752,272
752,687
752,1100
752,1088
752,156
205,754
755,777
755,449
755,158
710,755
792,757
383,758
1095,759
884,760
761,471
761,502
761,692
761,408
761,582
777,761
780,761
187,761
1152,761
1228,762
1182,763
732,765
1040,766
1134,767
156,768
1234,769
770,1055
141,770
987,770
945,770
1163,771
188,772
505,773
1279,774
775,1004
775,366
776,1170
776,101
776,238
776,385
777,66
777,471
777,761
777,411
777,937
777,409
777,481
777,172
777,1148
777,557
166,777
623,777
1051,777
729,777
1074,777
1191,777
824,778
1078,779
780,829
780,408
780,761
23,780
411,780
1265,780
183,780
1054,780
684,780
207,781
782,1022
708,783
529,784
785,599
785,297
785,504
785,217
785,180
785,1225
785,1175
785,272
785,1022
785,75
785,420
785,690
785,350
785,532
785,450
785,102
785,1088
785,711
75,785
1224,785
1160,785
588,785
137,786
787,450
787,1252
787,264
787,461
1252,787
788,1038
788,527
788,420
788,304
788,286
788,1186
789,1002
789,870
789,166
915,789
746,789
1243,790
698,791
792,818
792,804
792,1108
792,757
833,793
976,795
796,489
796,740
796,200
796,94
796,726
796,1239
796,355
796,281
796,392
796,888
796,999
797,703
797,302
797,328
797,709
168,797
847,797
1229,797
901,797
807,797
798,1069
666,798
261,798
369,798
799,639
799,272
799,1120
703,799
461,799
348,800
286,801
601,802
713,803
792,804
305,805
806,1120
806,465
806,172
806,1151
806,1167
806,558
806,612
806,777
806,479
806,1220
806,1055
806,1230
807,454
807,797
807,703
807,1093
807,494
807,563
807,420
807,450
807,461
807,1243
807,1186
839,807
467,807
131,807
168,807
1229,807
1256,807
847,807
901,807
241,807
517,808
1144,809
810,272
810,896
810,420
810,1243
811,312
811,470
1125,812
989,813
467,814
815,272
815,338
815,1262
806,815
1126,815
650,816
817,547
817,50
817,860
792,818
819,1143
1005,819
473,820
821,603
821,536
896,821
420,821
450,821
1050,821
286,821
536,821
993,822
1001,823
824,1163
824,272
824,1111
824,778
824,185
824,304
824,1036
219,824
482,824
39,826
1187,827
1210,828
780,829
915,830
1229,831
190,832
833,244
833,793
833,295
834,750
1216,835
1224,836
837,350
837,1201
837,947
837,188
837,297
837,302
504,837
901,837
77,837
838,1093
838,635
838,382
838,1151
713,838
806,838
482,838
839,777
840,13
840,1213
840,409
840,974
840,1220
840,148
840,530
840,27
703,840
237,840
680,840
841,1
841,272
841,8
841,532
841,180
631,841
440,841
639,841
117,841
938,843
844,272
844,289
844,594
429,844
806,844
846,777
846,306
846,77
846,544
588,846
544,846
847,797
847,229
847,97
847,777
847,929
847,420
847,291
847,441
847,461
847,745
847,11
847,901
847,807
847,286
847,77
97,847
467,847
882,848
205,849
274,850
663,851
1144,852
286,853
1229,854
855,1096
855,696
989,855
602,855
373,855
156,855
482,856
77,857
92,858
420,859
860,567
860,698
860,1047
945,860
547,860
141,860
410,860
494,860
1243,860
237,861
863,464
205,864
865,671
874,866
650,867
48,868
286,869
789,870
579,872
874,1014
874,1064
874,866
874,753
874,1095
874,516
217,874
575,875
1246,877
878,666
878,532
878,156
219,878
1208,878
369,878
846,878
544,878
589,879
131,880
881,174
881,128
881,269
882,615
882,357
882,168
882,1243
882,205
882,420
882,848
882,67
882,454
882,1267
882,1186
882,945
882,579
882,901
882,807
882,935
945,883
884,1212
884,172
884,635
884,449
884,1214
884,760
884,777
884,1093
884,729
884,695
884,426
209,884
298,884
695,884
1230,884
885,710
885,777
885,1074
885,166
885,781
1214,885
1019,885
642,885
886,268
887,118
369,887
690,887
957,887
888,1028
888,1221
888,166
888,651
888,1176
1028,888
1172,888
989,888
355,888
262,888
373,888
993,890
482,891
893,372
893,755
893,1239
893,156
893,888
276,894
895,272
895,350
895,1174
895,188
895,286
895,27
570,895
826,895
39,895
896,1203
896,253
896,409
896,691
896,1220
350,897
898,1119
898,742
898,654
898,579
898,896
898,420
898,1287
898,92
898,48
898,868
898,77
67,898
1036,899
205,900
901,133
901,564
901,941
901,22
901,1135
901,970
901,946
901,721
978,902
536,902
505,903
75,904
987,905
491,906
482,907
146,908
909,218
909,1172
909,1239
909,893
909,156
92,910
911,553
75,911
214,911
77,912
576,913
914,282
914,141
914,309
602,914
150,914
275,914
335,914
915,108
915,42
915,1239
915,888
915,830
915,1024
915,746
277,915
945,915
918,192
918,777
918,56
915,918
746,918
739,918
919,182
1222,920
350,921
1078,922
482,923
632,924
1182,925
632,926
927,1
927,272
532,927
928,761
449,928
847,929
1095,930
931,660
931,1225
931,420
931,180
933,602
933,547
933,141
272,933
1,934
935,1092
935,896
935,1174
935,420
1090,935
1234,936
937,1273
938,524
938,149
938,843
1203,938
227,938
286,939
462,940
901,941
396,942
943,990
943,262
168,944
945,454
945,777
945,915
945,1049
945,746
945,989
945,860
945,883
945,277
945,262
945,1055
945,69
945,309
901,946
947,777
947,129
947,1265
947,297
948,517
948,1055
900,948
718,948
1114,949
205,950
952,262
952,995
952,434
952,622
710,952
1142,952
1019,954
955,1052
955,574
955,6
955,1203
956,1103
956,1093
956,141
956,635
956,452
956,277
956,602
657,956
957,1241
957,1252
957,168
957,188
957,11
957,297
957,532
957,445
957,1225
957,47
957,482
957,286
957,549
254,957
690,957
958,995
958,915
958,262
958,746
958,205
313,958
505,959
1040,960
1092,961
482,962
734,963
965,420
965,243
966,138
966,968
1236,966
967,684
1265,967
966,968
391,969
901,970
971,1022
971,1111
971,996
971,302
971,782
971,592
971,1124
971,194
971,286
1201,971
188,971
310,971
711,971
703,972
1234,973
188,974
975,717
975,777
975,989
975,156
976,380
976,409
976,795
976,643
976,172
976,1059
589,977
978,316
978,1210
270,979
980,1241
980,420
980,47
980,634
980,807
55,981
482,982
983,1179
984,740
984,83
984,1113
984,1239
984,888
36,984
553,985
987,777
987,192
987,677
987,1210
987,813
987,905
987,860
635,987
118,987
117,988
989,508
989,1033
989,650
989,232
989,855
989,777
989,1239
989,813
989,730
989,1083
635,989
943,990
1208,991
992,1065
992,996
992,34
992,592
180,992
993,822
993,890
389,994
995,746
995,1266
952,995
996,704
996,318
1065,996
1022,996
188,996
34,996
450,996
592,996
396,996
1076,996
396,997
796,999
529,1000
1001,222
1001,272
1001,576
1001,704
1001,823
1001,318
1001,602
65,1001
717,1001
1022,1001
23,1001
369,1001
532,1001
180,1001
789,1002
491,1003
775,1004
283,1005
1006,420
747,1006
1186,1006
440,1007
588,1008
1009,75
1009,47
1009,272
1009,494
418,1009
437,1009
717,1010
131,1012
286,1014
1177,1015
1111,1016
1017,502
1017,408
967,1017
409,1017
1018,272
1018,1188
1018,141
1018,806
1018,47
1019,400
1019,954
265,1019
532,1020
62,1021
1022,777
1022,255
1023,602
1023,272
1282,1023
915,1024
467,1025
575,1026
350,1027
888,1028
420,1029
369,1030
1031,350
1031,1174
1031,450
1031,895
1031,286
1031,711
989,1033
673,1034
1036,1049
1036,309
1036,777
1036,899
1036,1116
329,1036
1220,1036
1203,1036
1037,272
1037,1087
1037,532
1037,180
1037,634
1229,1037
788,1038
1040,368
1040,275
1040,842
1040,766
1040,960
1040,401
1040,989
1040,141
1040,635
1040,296
1040,884
1040,277
1040,602
1040,494
394,1040
1120,1040
896,1040
420,1040
806,1040
251,1040
1041,266
1041,272
1041,532
1041,634
1179,1041
418,1041
1099,1041
297,1042
207,1043
1222,1044
23,1045
408,1046
1047,598
389,1047
860,1047
1093,1047
310,1048
575,1049
1050,272
1050,896
1050,821
1050,420
1050,1073
1130,1050
524,1051
207,1052
1053,1272
1053,284
1053,580
1053,428
1053,337
1053,205
396,1053
1054,780
1054,1265
708,1054
96,1054
351,1054
650,1054
1055,1054
1055,777
1055,393
1055,1265
1055,1054
1055,109
494,1055
466,1055
945,1055
129,1055
420,1055
806,1055
635,1055
956,1055
602,1055
948,1055
1243,1055
1283,1056
675,1058
976,1059
420,1060
1061,1266
1061,350
1061,532
1061,989
47,1061
1229,1062
1063,141
1063,272
874,1064
1065,996
1065,34
482,1066
473,1067
1068,1170
1068,297
1068,1225
1068,500
955,1068
1225,1068
679,1068
644,1069
1124,1070
1071,1249
420,1071
1072,183
1072,297
407,1072
297,1072
1073,1203
1073,253
885,1074
217,1075
1076,996
469,1076
548,1077
1078,740
1078,646
1078,1239
1078,922
1078,199
1078,352
1078,779
1078,855
1078,1185
1203,1078
1079,277
1079,549
1079,809
586,1080
301,1080
168,1081
1082,545
1082,141
272,1082
208,1082
989,1083
1084,503
1084,201
1084,1235
1084,888
461,1084
23,1085
306,1086
1087,272
1087,777
1087,547
1087,49
1087,288
1087,634
1087,249
955,1087
131,1087
217,1087
1088,272
1088,964
1088,1126
1088,877
1088,338
379,1088
297,1088
1225,1088
901,1088
752,1088
641,1088
413,1089
1090,647
1090,317
1246,1091
1092,420
1092,450
1092,1204
1092,961
1092,461
1092,77
807,1093
286,1094
1095,80
1095,759
1095,439
1095,930
1095,279
855,1096
1099,266
1099,1041
1099,418
1099,420
1099,806
1099,150
67,1100
297,1101
92,1102
956,1103
1104,296
394,1104
656,1104
207,1104
652,1104
420,1104
993,1104
1105,589
1105,272
23,1105
576,1105
1216,1105
1106,47
1106,272
1106,437
437,1106
1107,602
1107,1220
1107,275
1107,338
1203,1107
482,1107
792,1108
408,1109
482,1110
1111,1125
1111,1
1111,272
1111,1016
1111,1174
1111,1193
1111,178
1111,594
1111,318
955,1111
624,1111
188,1111
824,1111
194,1111
396,1111
895,1111
1113,888
1113,1285
1114,1124
1114,525
1114,949
1036,1116
48,1117
440,1118
898,1119
1120,169
1120,1078
1120,1230
420,1120
450,1120
806,1120
1126,1120
482,1120
286,1120
90,1121
601,1122
1225,1123
1124,380
1124,499
1124,176
1124,96
1124,989
1124,1070
1124,606
1183,1124
1114,1124
297,1124
302,1124
838,1124
737,1124
1125,272
1125,777
1125,812
1125,594
1125,1243
1125,495
1111,1125
178,1125
318,1125
1126,1120
1126,806
1126,116
266,1126
1100,1126
302,1126
638,1126
639,1127
410,1128
1129,1029
1129,1101
1254,1130
1210,1131
482,1132
1185,1133
1134,272
1134,767
639,1134
901,1135
161,1136
529,1138
719,1139
952,1139
92,1140
1142,952
1142,262
819,1143
1144,809
1144,49
1144,532
1144,180
1144,852
1210,1146
777,1148
1149,1260
1200,1150
806,1151
1152,411
1152,187
1152,928
129,1152
1206,1152
172,1152
286,1152
83,1153
237,1155
124,1156
67,1157
347,1158
1159,1203
1159,259
1159,749
1159,1052
1052,1159
1160,532
1160,445
1160,173
1160,634
1160,602
173,1160
265,1161
286,1162
1163,1203
1163,771
1163,777
1163,1036
1163,125
304,1163
1165,272
1165,115
297,1165
737,1165
1166,568
1166,1219
1197,1166
806,1167
1200,1168
1170,576
1170,297
1170,242
1170,1088
347,1170
776,1170
660,1170
482,1171
1172,777
1172,646
1172,1239
1172,497
1172,158
1172,888
1172,373
1172,1226
710,1172
27,1172
156,1172
1174,777
1174,275
1174,409
1174,1078
1174,1220
1052,1174
647,1174
253,1174
482,1174
603,1174
1175,717
1175,272
1175,602
1175,549
217,1175
1224,1175
62,1175
785,1175
226,1175
549,1175
888,1176
1177,1203
1177,1015
1177,64
1177,1050
1178,777
436,1178
1179,272
1179,532
1179,286
1179,694
217,1179
588,1179
1186,1180
1181,358
286,1181
1182,763
1182,494
1182,26
1182,925
1182,129
1182,989
1182,141
1182,635
1182,454
1182,1243
122,1182
1120,1182
420,1182
24,1182
1183,995
1183,499
1183,315
1183,989
547,1183
613,1183
1246,1184
1185,630
1185,404
1185,1055
1185,1133
1078,1185
1186,1163
1186,896
1186,527
1186,420
1186,304
1186,1180
1186,454
1186,303
807,1186
863,1186
1187,1
1187,409
1187,827
1187,286
137,1187
665,1187
1234,1187
482,1187
1188,1241
1188,420
1188,47
1188,454
584,1189
635,1190
210,1192
1111,1193
355,1194
1195,589
1195,272
1195,1245
1195,1255
1195,1023
1195,494
1195,1243
1125,1195
358,1195
844,1195
536,1195
115,1195
430,1196
1197,673
1197,409
1197,172
1197,388
1197,566
1197,1166
35,1197
380,1197
159,1197
1228,1197
993,1197
976,1197
207,1198
1199,190
1199,205
1199,272
1199,350
1199,1246
1199,682
1199,532
1199,180
1199,490
1199,141
1199,18
1199,338
1199,723
1199,156
550,1199
1200,188
1200,311
1200,194
1200,653
1200,473
1200,1150
1200,1187
1200,884
1200,1
1200,1168
1200,272
1200,730
1200,350
1200,734
1200,184
1200,1124
1200,286
67,1200
1201,272
1201,777
1201,971
1201,230
971,1201
188,1201
1234,1203
1092,1204
1205,1269
631,1205
1207,777
770,1207
731,1207
1208,306
1208,190
1208,272
1208,1022
1208,1174
1208,991
1208,261
1208,878
1208,482
1208,350
1208,532
1208,376
1208,77
1208,711
518,1209
1210,1146
1210,155
1210,828
1210,507
1210,1131
1210,607
635,1210
547,1210
978,1210
383,1210
956,1210
241,1211
884,1212
840,1213
190,1214
1216,105
1216,272
1216,233
1216,835
1216,1105
1166,1219
39,1220
888,1221
1222,747
1222,920
1222,304
1222,366
1222,1044
399,1223
1224,350
1224,610
1224,785
1224,836
1224,602
1225,1203
1225,777
1225,820
1225,1123
1225,297
850,1225
1261,1225
1172,1226
286,1227
1228,762
35,1228
309,1228
1229,294
1229,1062
1229,831
1229,854
1120,1230
482,1231
1232,299
1232,160
1232,738
1234,973
1234,330
1234,749
1234,298
1234,647
1234,425
1234,1203
1234,936
1234,769
1084,1235
1236,1266
1236,966
1236,309
1236,1226
710,1236
277,1237
637,1238
1239,777
1239,740
1239,646
1239,172
1239,855
1239,888
373,1239
156,1239
408,1240
1241,734
1241,208
1241,420
1241,532
1241,450
1241,806
1241,594
1241,1036
1241,542
1241,1182
1241,286
47,1241
1243,454
1243,945
1243,129
1243,1239
1243,1265
1243,790
1243,1055
1243,731
1243,888
1243,373
1220,1243
1203,1243
1195,1245
1246,245
1246,1091
1246,136
1246,172
1246,635
1246,107
1246,142
1246,877
1246,494
1246,190
1246,1247
1246,141
1246,484
1246,884
1246,602
1246,1214
1246,309
1246,777
1246,1093
1246,1184
1246,391
1246,956
1246,335
1246,275
306,1246
1199,1246
219,1246
1246,1247
1071,1249
440,1250
1251,586
1252,27
1252,777
1252,1203
1252,555
131,1252
554,1252
957,1252
1253,172
1253,777
158,1253
1254,1130
1254,237
1254,420
1255,373
1256,1252
1256,1174
1256,168
1256,420
1256,241
1256,39
1256,367
1256,807
1256,1243
467,1256
839,1256
323,1258
1259,445
1259,34
1149,1260
1262,272
1262,338
1262,1174
1262,1107
1262,989
1262,158
1262,671
394,1262
1095,1262
16,1262
713,1263
736,1264
1265,967
947,1265
129,1265
420,1265
1054,1265
1055,1265
286,1265
1243,1265
1266,674
1266,205
995,1266
1236,1266
262,1266
746,1266
156,1266
882,1267
227,1268
1205,1269
594,1270
1271,194
1271,302
1271,734
504,1271
1053,1272
1273,761
777,1273
1274,560
1274,366
1274,51
302,1275
467,1276
503,1277
518,1278
1279,774
1279,693
1279,552
1279,20
456,1279
401,1280
527,1281
101,1282
1283,602
1283,1056
1283,369
637,1284
1113,1285
163,1286
898,1287
